Task ID,Task Subject,Project Key,Project Name,Task Owner,Annual Target,Task Type,Is Group,Task Status,Task Priority,Parent Task,Task Outcome,Means of Verification,Task Completed Date,Potential Risk,Risk Mitigation Plan,Expected Start Date,Expected End Date,Task Description, Approved Budget, Accrued Budget,Expected Cost, Actual Cost
TASK-2025-00020,30 Entrepreneurs training at KSA,APC005,APCNF and RWI,Data not available,Data not available,Data not available,Yes,Working,Low,TASK-2025-00019,Data not available,Data not available,Task is ongoing,Data not available,Data not available,Data not available,Data not available,Description not available,0,0,0,0
TASK-2025-00006,abe,SIN156,Sindhura Test project,Data not available,Data not available,Data not available,No,Overdue,Low,TASK-2025-00002,Data not available,Data not available,Data not available,Data not available,Data not available,27-01-2025,28-01-2025,Description not available,0,0,0,0
TASK-2023-00004,Account  Reconsilation of Manakondur FPC input businesss,CBB021,CBBO NABARD,Data not available,Data not available,Data not available,No,Overdue,High,-,Data not available,Data not available,Data not available,Data not available,Data not available,08-12-2023,15-12-2023,"<div class=""ql-editor read-mode""><p>Dear Rajesh, With reference to todays accounts records verification. of Manakondur FPC. Please prepare accounts purchase and Sales statement as you have prepared for Orugallu &nbsp;and Mahadevpur FPCs </p></div>",0,0,0,0
TASK-2025-00007,add calender,SIN156,Sindhura Test project,Data not available,Data not available,Data not available,No,Overdue,Low,TASK-2025-00005,Data not available,Data not available,Data not available,Data not available,Data not available,27-01-2025,28-01-2025,Description not available,0,0,0,0
TASK-2025-00002,Add tasks for each deliverable,SIN156,Sindhura Test project,Data not available,Data not available,Data not available,No,Overdue,Low,-,Data not available,Data not available,Data not available,Data not available,Data not available,27-01-2025,28-01-2025,Description not available,0,0,0,0
TASK-2025-00028,AMC for Weather Station,APC005,APCNF and RWI,Data not available,Data not available,Data not available,Yes,Open,Low,TASK-2025-00027,Data not available,Data not available,Task is ongoing,Data not available,Data not available,Data not available,Data not available,Description not available,0,0,0,0
TASK-2025-00011,Analyse the task and deliverable relation in ERPNext Project Module,TES165,test project,Data not available,Data not available,Data not available,No,Open,Low,-,Data not available,Data not available,Task is ongoing,Data not available,Data not available,Data not available,Data not available,Description not available,0,0,0,0
TASK-2024-00008,"AP FPO Activities Month of May 2024 				",MON095,Monthly Review,Data not available,Data not available,Data not available,No,Overdue,Medium,-,Data not available,Data not available,Data not available,Data not available,Data not available,01-05-2024,31-05-2024,"<div class=""ql-editor read-mode""><table class=""table table-bordered""><tbody><tr><td data-row=""1"">&nbsp;Major Activity&nbsp;</td><td data-row=""1"">Sub Activity&nbsp;</td><td data-row=""1"">Unit</td><td data-row=""1"">Committed Timeline&nbsp;</td><td data-row=""1"">Responsible Person</td><td data-row=""1"">Work update&nbsp;</td></tr><tr><td data-row=""2"">CSA &amp; NABARD (10 FPOs)</td><td data-row=""2"">&nbsp;</td><td data-row=""2"">&nbsp;</td><td data-row=""2"">&nbsp;</td><td data-row=""2"">&nbsp;</td><td data-row=""2"">&nbsp;</td></tr><tr><td data-row=""3"">FPOs Meetings</td><td data-row=""3"">BOD&nbsp;Meetings</td><td data-row=""3"">10 Meetings</td><td data-row=""3"">25th May,2024</td><td data-row=""3"">CEOs&nbsp;</td><td data-row=""3"">&nbsp;</td></tr><tr><td data-row=""4"">&nbsp;</td><td data-row=""4"">Village level meetings</td><td data-row=""4"">&nbsp;</td><td data-row=""4"">Due to Elections</td><td data-row=""4"">&nbsp;</td><td data-row=""4"">&nbsp;</td></tr><tr><td data-row=""5"">Auditing</td><td data-row=""5"">Receipts and Payments Statements&nbsp;</td><td data-row=""5"">10 FPOs</td><td data-row=""5"">25th May,2024</td><td data-row=""5"">CEOs &amp; PO IB</td><td data-row=""5"">&nbsp;</td></tr><tr><td data-row=""6"">&nbsp;</td><td data-row=""6"">NOC from Hyderabad Auditor</td><td data-row=""6"">4 FPCLs</td><td data-row=""6"">16th May,2024</td><td data-row=""6"">PO IB &amp;Team Leader, HO</td><td data-row=""6"">&nbsp;</td></tr><tr><td data-row=""7"">&nbsp;</td><td data-row=""7"">New Auditor finalisation</td><td data-row=""7"">4 FPCLs</td><td data-row=""7"">25th May,2024</td><td data-row=""7"">PO IB &amp;Team Leader, HO</td><td data-row=""7"">&nbsp;</td></tr><tr><td data-row=""8"">Marketing</td><td data-row=""8"">Input Business</td><td data-row=""8"">&nbsp;5.8Lakhs</td><td data-row=""8"">25th May,2024</td><td data-row=""8"">CEOs &amp; BCOs</td><td data-row=""8"">&nbsp;</td></tr><tr><td data-row=""9"">&nbsp;</td><td data-row=""9"">Output Business</td><td data-row=""9"">&nbsp;19.8Lakhs</td><td data-row=""9"">25th May,2024</td><td data-row=""9"">CEOs &amp; BCOs</td><td data-row=""9"">&nbsp;</td></tr><tr><td data-row=""10"">Legal Complainces</td><td data-row=""10"">New GST&nbsp;</td><td data-row=""10"">2 FPOs</td><td data-row=""10"">25th May,2024</td><td data-row=""10"">PO IB&nbsp;&nbsp;</td><td data-row=""10"">&nbsp;</td></tr><tr><td data-row=""11"">&nbsp;</td><td data-row=""11"">GST Fillings</td><td data-row=""11"">4 FPOs</td><td data-row=""11"">15th May,2024</td><td data-row=""11"">CEOs</td><td data-row=""11"">&nbsp;</td></tr><tr><td data-row=""12"">NABARD&nbsp;</td><td data-row=""12"">BDA</td><td data-row=""12"">3 FPOs</td><td data-row=""12"">Pending at NABARD RO Office</td><td data-row=""12"">PO IB &amp;Team Leader, HO</td><td data-row=""12"">&nbsp;</td></tr><tr><td data-row=""13"">&nbsp;</td><td data-row=""13"">Claims</td><td data-row=""13"">2 FPOs</td><td data-row=""13"">PO IB &amp;Team Leader, HO</td><td data-row=""13"">&nbsp;</td><td data-row=""13""><br></td></tr><tr><td data-row=""insert-row-below"">NCDC - FPOs- (6 FPOs)</td><td data-row=""insert-row-below""><br></td><td data-row=""insert-row-below""><br></td><td data-row=""insert-row-below""><br></td><td data-row=""insert-row-below""><br></td><td data-row=""insert-row-below""><br></td></tr><tr><td data-row=""1"">Member wise data update in MIS portal</td><td data-row=""1"">Update members data in NCDC MIS portal</td><td data-row=""1"">5 FPOs</td><td data-row=""1"">11th to 25th&nbsp;May</td><td data-row=""1"">Obulesu &amp; Pavan Kumar</td><td data-row=""1""><br></td></tr><tr><td data-row=""insert-row-below"">Financial Linkages&nbsp;</td><td data-row=""insert-row-below"">Financial Linkages&nbsp;through HDFC and DCCB already submited documents</td><td data-row=""insert-row-below"">3 FPOsEkhasila, Proddatur, &amp; Jammalamadugu</td><td data-row=""insert-row-below"">15th to 20th May</td><td data-row=""insert-row-below"">Pavan Kumar</td><td data-row=""insert-row-below""><br></td></tr><tr><td data-row=""1"">Memebrship mobilization</td><td data-row=""1"">Membership mobilization in a new Villages and Working villages to reached targets for second trench Equity grants (From each FPO 20=100)</td><td data-row=""1"">5 FPOs</td><td data-row=""1"">15th to 25th May</td><td data-row=""1"">Obulesu &amp; Pavan Kumar</td><td data-row=""1""><br></td></tr><tr><td data-row=""insert-row-below"">Marketing</td><td data-row=""insert-row-below"">Output/Input Marketing&nbsp;</td><td data-row=""insert-row-below"">Output paddy worth of 10 Lakhs Ekashila &amp; proddutur..&nbsp;&nbsp;&nbsp;&nbsp;&nbsp;&nbsp;&nbsp;&nbsp;&nbsp;&nbsp;&nbsp;&nbsp;&nbsp;Input business of&nbsp;paddy seeds and fodder of worth of 3 lakhs (Total 13 lakhs)</td><td data-row=""insert-row-below"">15th to 18th May</td><td data-row=""insert-row-below"">Pavan Kumar</td><td data-row=""insert-row-below""><br></td></tr><tr><td data-row=""1"">GST filing&nbsp;</td><td data-row=""1"">Need to collecte Business data (Sales &amp; Purchase) and send to Auditor</td><td data-row=""1"">5 FPOs</td><td data-row=""1"">5th to 12th May</td><td data-row=""1"">Obulesu&nbsp;</td><td data-row=""1""><br></td></tr><tr><td data-row=""row-h8c8"">Trainings</td><td data-row=""row-h8c8"">Training on Capacity Building to CEOs and BoDs</td><td data-row=""row-h8c8"">1 Training</td><td data-row=""row-h8c8"">20th to 21st May</td><td data-row=""row-h8c8"">Obulesu &amp; Pavan Kumar</td><td data-row=""row-h8c8""><br></td></tr><tr><td data-row=""row-rj4p"">COASTAL - NCDC - FPOs- (5 FPOs)</td><td data-row=""row-rj4p""><br></td><td data-row=""row-rj4p""><br></td><td data-row=""row-rj4p""><br></td><td data-row=""row-rj4p""><br></td><td data-row=""row-rj4p""><br></td></tr><tr><td data-row=""1"">GST and new DIN's applying</td><td data-row=""1"">FPOs rental agreements and GST and DINs apply process</td><td data-row=""1"">4 FPOs</td><td data-row=""1"">On 6th &amp; 10th May 2024</td><td data-row=""1"">RAVI &amp; BHARATH</td><td data-row=""1""><br></td></tr><tr><td data-row=""insert-row-below"">BOD&nbsp;Mettings and new office searching in nuzvidu fpo and druthi krishna fpo&nbsp;</td><td data-row=""insert-row-below"">BOD&nbsp;Mettings and new office searching&nbsp;&nbsp;</td><td data-row=""insert-row-below"">2 FPO's Druthi, Krishna</td><td data-row=""insert-row-below"">11th&amp;12th</td><td data-row=""insert-row-below"">RAVI &amp; BHARATH</td><td data-row=""insert-row-below""><br></td></tr><tr><td data-row=""row-g1ov"">Mana boomi fpo bod meeting</td><td data-row=""row-g1ov"">FPO verification documents and bod meeting payments clearence and office opening</td><td data-row=""row-g1ov"">1 FPO&nbsp;Manaboomi</td><td data-row=""row-g1ov"">14th to 17th</td><td data-row=""row-g1ov"">RAVI &amp; BHARATH</td><td data-row=""row-g1ov""><br></td></tr><tr><td data-row=""1"">BoD meetings and bussiness plannings</td><td data-row=""1"">FPO&nbsp;BoD meeting and 4 bussiness plannings</td><td data-row=""1"">4 fpo's</td><td data-row=""1"">18th to 23th&nbsp;</td><td data-row=""1"">RAVI &amp; BHARATH</td><td data-row=""1""><br></td></tr><tr><td data-row=""row-ljxq"">Member wise data update in MIS portal</td><td data-row=""row-ljxq"">Need to update members data in MIS portal</td><td data-row=""row-ljxq"">5 FPOs</td><td data-row=""row-ljxq"">10th to 26th&nbsp;</td><td data-row=""row-ljxq"">RAVI,&nbsp;BHARATH &amp; Ms. Meenakshi</td><td data-row=""row-ljxq""><br></td></tr><tr><td data-row=""1"">Licences</td><td data-row=""1"">4 fpos licences applied process and membership mobilization activities</td><td data-row=""1"">4 FPOs</td><td data-row=""1"">15th to 22th</td><td data-row=""1"">RAVI,&nbsp;BHARATH &amp; Ms. Meenakshi</td><td data-row=""1""><br></td></tr><tr><td data-row=""row-ljxq"">Membership mobilization</td><td data-row=""row-ljxq"">Membership mobilization in a new Villages and Working villages to reached targets for second trench Equity grants</td><td data-row=""row-ljxq"">5 FPOs</td><td data-row=""row-ljxq"">15th to 25th</td><td data-row=""row-ljxq"">RAVI,&nbsp;BHARATH &amp; Ms. Meenakshi</td><td data-row=""row-ljxq""><br></td></tr><tr><td data-row=""insert-row-below"">Marketing&nbsp;</td><td data-row=""insert-row-below"">Output&nbsp;and input Marketing of mangeo worth of 10 Lakhs druthi krishna and ssvns and nuzvidu fpo.Input business of seeds pmds kits in manaboomi fpo 3 lakhs</td><td data-row=""insert-row-below"">&nbsp;5 FPOs</td><td data-row=""insert-row-below"">18th to 28th</td><td data-row=""insert-row-below"">BHARATH &amp; Ms. Meenakshi</td><td data-row=""insert-row-below""><br></td></tr><tr><td data-row=""row-2lzt"">BOD's&nbsp;and CEO's Training at ksa</td><td data-row=""row-2lzt"">BOD's&nbsp;and ceo's Training at ksa</td><td data-row=""row-2lzt"">5 FPOs</td><td data-row=""row-2lzt"">22nd to 24th</td><td data-row=""row-2lzt"">RAVI,&nbsp;BHARATH &amp; Ms. Meenakshi</td><td data-row=""row-2lzt""><br></td></tr><tr><td data-row=""row-watf"">&nbsp;Interacting with ceo's and BOD</td><td data-row=""row-watf"">Total 4 fpo's activites folloup and updates.</td><td data-row=""row-watf"">5 FPOs</td><td data-row=""row-watf"">11th to 30th</td><td data-row=""row-watf"">RAVI,&nbsp;BHARATH &amp; Ms. Meenakshi</td><td data-row=""row-watf""><br></td></tr><tr><td data-row=""row-jsrx"">Monitoring visit</td><td data-row=""row-jsrx"">On 11th &amp; 15th Planning NCDC represententivies monitoring visit of 1 NCDC FPOs Namely andhra kashmir tribal farming and marketing producer company, lammasing, chintapalli mandal, asr dst.</td><td data-row=""row-jsrx"">1FPO</td><td data-row=""row-jsrx"">On 11th &amp; 15th May 2024</td><td data-row=""row-jsrx"">Ms.Meenakshi and Narayana ( CEO)</td><td data-row=""row-jsrx""><br></td></tr><tr><td data-row=""row-y4zi""><br></td><td data-row=""row-y4zi""><br></td><td data-row=""row-y4zi""><br></td><td data-row=""row-y4zi""><br></td><td data-row=""row-y4zi""><br></td><td data-row=""row-y4zi""><br></td></tr><tr><td data-row=""row-njyn""><br></td><td data-row=""row-njyn""><br></td><td data-row=""row-njyn""><br></td><td data-row=""row-njyn""><br></td><td data-row=""row-njyn""><br></td><td data-row=""row-njyn""><br></td></tr></tbody></table><p><br></p><p><br></p></div>",0,0,0,0
TASK-2024-00007,APF - Extension Work Monthly plan for May 2024,MON095,Monthly Review,Data not available,Data not available,Data not available,No,Template,Medium,-,Data not available,Data not available,Data not available,Data not available,Data not available,Data not available,Data not available,"<div class=""ql-editor read-mode""><p>May 2024 month plan for APF - Extension Work</p><table class=""table table-bordered""><tbody><tr><td data-row=""1""><strong>&nbsp;Major Activity&nbsp;</strong></td><td data-row=""1""><strong>Sub Activity</strong>&nbsp;</td><td data-row=""1""><strong>Unit</strong></td><td data-row=""1""><strong>Committed Timeline&nbsp;</strong></td><td data-row=""1""><strong>Responsible Person</strong></td><td data-row=""1""><strong>Work update&nbsp;</strong></td></tr><tr><td data-row=""2"">Awareness meetings at village level</td><td data-row=""2"">Talupula FPO-GP Thanda - RWIP</td><td data-row=""2"">3 Meetings</td><td data-row=""2"">3rd Week - May</td><td data-row=""2"">Water Expert, Extension Person &amp; PO Agri</td><td data-row=""2"">&nbsp;</td></tr><tr><td data-row=""3"">Door to door campaigns</td><td data-row=""3"">Talupula FPO-GP Thanda - RWIP</td><td data-row=""3"">3 Villages</td><td data-row=""3"">2nd, 3rd, 4th Week - May</td><td data-row=""3"">Water Expert, &amp; Extension Person</td><td data-row=""3""><br></td></tr><tr><td data-row=""4"">Water Baseline - PRA &amp; Focussed Group Discussion</td><td data-row=""4"">Talupula FPO-GP Thanda - RWIP</td><td data-row=""4"">2 PRA &amp;&nbsp;2 FGD</td><td data-row=""4"">3rd Week-May</td><td data-row=""4"">Water Expert, PO MIS, PO Agri, &amp; Extension Person,&nbsp;</td><td data-row=""4"">&nbsp;</td></tr><tr><td data-row=""5"">ToT on Water budgeting to CRP</td><td data-row=""5"">Talupula FPO-GP Thanda - RWIP</td><td data-row=""5"">1 Training</td><td data-row=""5"">4th Week - May</td><td data-row=""5"">State Coordinator, Water Expert, PO Agri &amp;Extension Person&nbsp;</td><td data-row=""5"">&nbsp;</td></tr><tr><td data-row=""6"">Water related awareness campaigns at habitation/ cluster level</td><td data-row=""6"">Talupula FPO-GP Thanda - RWIP</td><td data-row=""6"">5 Villages</td><td data-row=""6"">&nbsp;3rd and 4th weeks - May</td><td data-row=""6"">Water Expert, &amp; Extension Person</td><td data-row=""6""><br></td></tr><tr><td data-row=""7"">Refresher Trainings on NF (Pre Kharif)</td><td data-row=""7"">All Extension Team</td><td data-row=""7"">15 Trainings</td><td data-row=""7"">4th Week - May</td><td data-row=""7"">Extension Person with PO Agri</td><td data-row=""7""><br></td></tr><tr><td data-row=""8"">Videos discrimination's (Best case studies, own village farmer success stories , Crop based management practices, Paddy methods -water management )</td><td data-row=""8"">16 FPOs</td><td data-row=""8"">16</td><td data-row=""8"">Every day activity&nbsp;</td><td data-row=""8"">Extension Person</td><td data-row=""8""><br></td></tr><tr><td data-row=""9"">Convergence - Approaching of farmers along with Depts - FPOs&nbsp;</td><td data-row=""9"">16 FPOs</td><td data-row=""9"">100 farmers</td><td data-row=""9"">3rd &amp; 4th Week-May</td><td data-row=""9"">PO Agri, Extension Person &amp; CEO</td><td data-row=""9"">&nbsp;</td></tr><tr><td data-row=""10"">Digital farm schools&nbsp;</td><td data-row=""10"">21 FPOs</td><td data-row=""10"">200 farmers</td><td data-row=""10"">Weekly once - Wednesday</td><td data-row=""10"">HO Team&nbsp;</td><td data-row=""10""><br></td></tr><tr><td data-row=""11"">Regular field visits - Observations and Suggestions , Pest and disease surveillance&nbsp;</td><td data-row=""11"">16 FPOs</td><td data-row=""11"">500 farmers</td><td data-row=""11"">Every day activity&nbsp;</td><td data-row=""11"">PO Agri, Extension Person &amp; CEO</td><td data-row=""11""><br></td></tr><tr><td data-row=""12"">Biomass, Navadanya, Dabholkar methods</td><td data-row=""12"">16 FPOs</td><td data-row=""12"">140 farmers</td><td data-row=""12"">3rd &amp; 4th Week-May</td><td data-row=""12"">PO Agri, Extension Person &amp; CEO</td><td data-row=""12""><br></td></tr><tr><td data-row=""13"">FPO level Farmer field schools on major crops&nbsp;</td><td data-row=""13"">16 FPOs</td><td data-row=""13"">12 FFS</td><td data-row=""13"">Weekly once - Wednesday</td><td data-row=""13"">PO Agri, Extension Person &amp; CEO</td><td data-row=""13"">&nbsp;</td></tr><tr><td data-row=""14"">Alert communication message on crop situations&nbsp;to Mandal level , Fpo level on control measures&nbsp;</td><td data-row=""14"">16 FPOs</td><td data-row=""14"">1600 farmers</td><td data-row=""14"">Weekly once - Thursday</td><td data-row=""14"">PO Agri, Extension Person &amp; CEO</td><td data-row=""14""><br></td></tr><tr><td data-row=""15"">Weekly advisories -Weather based agro advisory services, Pest and diseases managemental practices , bio inputs availability, Services by FSC ,Kisan Mitra help line.</td><td data-row=""15"">16 FPOs</td><td data-row=""15"">1600 farmers</td><td data-row=""15"">Weekly once - Friday</td><td data-row=""15"">PO Agri, Extension Person &amp; CEO</td><td data-row=""15""><br></td></tr><tr><td data-row=""16"">Weekly one half day at Farmers service centers - Addressing the farmers major crop situations, Problems identifications, finding the solutions and suggestions to the farmers&nbsp;</td><td data-row=""16"">16 FPOs</td><td data-row=""16"">95 farmers</td><td data-row=""16"">Weekly once - Saturday</td><td data-row=""16"">&nbsp;Extension Person&nbsp;</td><td data-row=""16""><br></td></tr><tr><td data-row=""17"">Regular phone contacts to existing farmers and New farmers&nbsp;</td><td data-row=""17"">16 FPOs</td><td data-row=""17"">450 farmers</td><td data-row=""17"">Every day activity&nbsp;</td><td data-row=""17"">PO Agri, Extension Person &amp; CEO</td><td data-row=""17"">&nbsp;</td></tr><tr><td data-row=""18"">Reporting and Documentation works&nbsp;</td><td data-row=""18"">16 FPOs</td><td data-row=""18"">16 FPOs</td><td data-row=""18"">4th Week - May</td><td data-row=""18"">PO Agri, PO MIS &amp; Extension Person</td><td data-row=""18"">&nbsp;</td></tr><tr><td data-row=""19"">Seed sources arrangements&nbsp;</td><td data-row=""19"">16 FPOs</td><td data-row=""19"">Millet Seed &amp; Oil Seeds&nbsp;&nbsp;&nbsp;&nbsp;&nbsp;&nbsp;&nbsp;&nbsp;&nbsp;&nbsp;&nbsp;&nbsp;&nbsp;&nbsp;&nbsp;&nbsp;&nbsp;&nbsp;&nbsp;&nbsp;&nbsp;&nbsp;&nbsp;&nbsp;&nbsp;&nbsp;&nbsp;&nbsp;&nbsp;&nbsp;&nbsp;Breeder seed - 10 farmers, 10 acres&nbsp;&nbsp;&nbsp;&nbsp;&nbsp;&nbsp;&nbsp;&nbsp;&nbsp;&nbsp;Grain seed&nbsp;- 200 farmers 200 acres&nbsp;</td><td data-row=""19"">2nd, 3rd, 4th Weeks - May</td><td data-row=""19"">PO Seed, IRRI Fco, Extension Person &amp; CEO</td><td data-row=""19"">&nbsp;</td></tr><tr><td data-row=""20"">Seed Processing (Processing/Bagging/Tag/Distribution)</td><td data-row=""20"">14 FPOs</td><td data-row=""20"">Paddy Seed 100 Bags</td><td data-row=""20"">3rd, 4th Weeks - May</td><td data-row=""20"">PO Seed, IRRI Fco, Extension Person &amp; CEO</td><td data-row=""20""><br></td></tr><tr><td data-row=""insert-row-below"">&nbsp;Planning of PVT Trails - Farmer &amp; Plot Selection</td><td data-row=""insert-row-below"">Proddatur FPO</td><td data-row=""insert-row-below"">Millet seed&nbsp;source - finding</td><td data-row=""insert-row-below"">4th Week - May</td><td data-row=""insert-row-below"">PO Seed, IRRI Fco, Extension Person &amp; CEO</td><td data-row=""insert-row-below""><br></td></tr><tr><td data-row=""row-8lim""><br></td><td data-row=""row-8lim"">Vempalli FPCL</td><td data-row=""row-8lim"">Groundnut&nbsp;seed source - finding</td><td data-row=""row-8lim"">4th Week - May</td><td data-row=""row-8lim"">PO Seed, IRRI Fco, Extension Person &amp; CEO</td><td data-row=""row-8lim""><br></td></tr><tr><td data-row=""row-b9mj""><br></td><td data-row=""row-b9mj"">Vemula FPCL</td><td data-row=""row-b9mj"">Jowar Seed Source - finding</td><td data-row=""row-b9mj"">4th Week - May</td><td data-row=""row-b9mj"">PO Seed, IRRI Fco, Extension Person &amp; CEO</td><td data-row=""row-b9mj""><br></td></tr><tr><td data-row=""row-zfz5""><br></td><td data-row=""row-zfz5"">Gayatri FPO</td><td data-row=""row-zfz5"">Millet seed source - finding</td><td data-row=""row-zfz5"">4th Week - May</td><td data-row=""row-zfz5"">PO Seed, IRRI Fco, Extension Person &amp; CEO</td><td data-row=""row-zfz5""><br></td></tr><tr><td data-row=""row-hepv"">Awareness Training on Seed</td><td data-row=""row-hepv"">Village level</td><td data-row=""row-hepv"">5 Trainings</td><td data-row=""row-hepv"">3rd, 4th Weeks - May</td><td data-row=""row-hepv"">PO Seed, IRRI Fco, Extension Person &amp; CEO</td><td data-row=""row-hepv""><br></td></tr><tr><td data-row=""row-3g92"">Preparations for seed treatments</td><td data-row=""row-3g92"">16 FPOs</td><td data-row=""row-3g92"">160 farmers</td><td data-row=""row-3g92"">3rd, 4th Weeks - May</td><td data-row=""row-3g92"">PO Agri, &nbsp;Extension Person &nbsp;&amp; CEO</td><td data-row=""row-3g92""><br></td></tr><tr><td data-row=""insert-row-below"">PGS Training </td><td data-row=""insert-row-below"">4 FPOs </td><td data-row=""insert-row-below"">10 Trainings</td><td data-row=""insert-row-below"">3rd, 4th Weeks - May</td><td data-row=""insert-row-below"">PGS Co, Extension Person &amp; CEO</td><td data-row=""insert-row-below""><br></td></tr><tr><td data-row=""row-ld5d"">PGS Inspections</td><td data-row=""row-ld5d"">RySS &amp; CSA area</td><td data-row=""row-ld5d"">5 PGS Groups</td><td data-row=""row-ld5d"">3rd, 4th Weeks - May</td><td data-row=""row-ld5d"">PGS Co, and Inspectors</td><td data-row=""row-ld5d""><br></td></tr><tr><td data-row=""row-jdm1"">Kisan Mitra - supporting works </td><td data-row=""row-jdm1"">14 FPOs- Rayalaseema FPOs</td><td data-row=""row-jdm1"">20 calls</td><td data-row=""row-jdm1"">Every day activity </td><td data-row=""row-jdm1"">HO Team, PO Seed &amp; Kisan Mitra Fco</td><td data-row=""row-jdm1""><br></td></tr><tr><td data-row=""row-5oe0""><br></td><td data-row=""row-5oe0""><br></td><td data-row=""row-5oe0""><br></td><td data-row=""row-5oe0""><br></td><td data-row=""row-5oe0""><br></td><td data-row=""row-5oe0""><br></td></tr><tr><td data-row=""row-axj7""><br></td><td data-row=""row-axj7""><br></td><td data-row=""row-axj7""><br></td><td data-row=""row-axj7""><br></td><td data-row=""row-axj7""><br></td><td data-row=""row-axj7""><br></td></tr></tbody></table><p><br></p></div>",0,0,0,0
TASK-2025-00016,Capacity building and Extension of NF,APC005,APCNF and RWI,Data not available,Data not available,Data not available,Yes,Completed,Low,TASK-2025-00015,Data not available,Data not available,19-02-2025,Data not available,Data not available,Data not available,Data not available,Description not available,0,0,0,0
TASK-2025-00018,Capacity building and Extension of NF,APC005,APCNF and RWI,Data not available,Data not available,Data not available,Yes,Open,Low,-,Data not available,Data not available,Task is ongoing,Data not available,Data not available,Data not available,Data not available,Description not available,0,0,0,0
TASK-2025-00001,collect deliverables,SIN156,Sindhura Test project,Data not available,Data not available,Data not available,No,Overdue,Low,-,Data not available,Data not available,Data not available,Data not available,Data not available,27-01-2025,28-01-2025,Description not available,0,0,0,0
TASK-2025-00009,Collect sample data from Chandrakala Maam,,Data not available,Data not available,Data not available,Data not available,No,Overdue,Low,-,Data not available,Data not available,Data not available,Data not available,Data not available,27-01-2025,28-01-2025,Description not available,0,0,0,0
TASK-2025-00010,Collect sample data from Chandrakala maam,TES165,test project,Data not available,Data not available,Data not available,No,Overdue,Low,-,Data not available,Data not available,Data not available,Data not available,Data not available,27-01-2025,28-01-2025,Description not available,0,0,0,0
TASK-2025-00051,Color code Deliverable in List View,ERP178,PROJ-0182,Sindhura M,Data not available,Data not available,No,Cancelled,Low,TASK-2025-00050,Task Cancelled,Data not available,Task Cancelled,Data not available,Data not available,Data not available,Data not available,Description not available,0,0,0,0
TASK-2025-00046,Color Code Tasks Based on Status(Ex: Red for Pending),ERP046,ERP & IT,Data not available,Data not available,Data not available,No,Open,Medium,TASK-2025-00033,Data not available,Data not available,Task is ongoing,Data not available,Data not available,Data not available,Data not available,Description not available,0,0,0,0
TASK-2025-00052,Color code the status,ERP178,PROJ-0182,Sindhura M,Data not available,Data not available,No,Working,Low,TASK-2025-00033,Data not available,Data not available,Task is ongoing,Data not available,Data not available,Data not available,Data not available,Description not available,0,0,0,0
TASK-2025-00024,Conduct Trainings at KSA for both,APC005,APCNF and RWI,Data not available,Data not available,Data not available,Yes,Open,Low,TASK-2025-00019,Data not available,Data not available,Task is ongoing,Data not available,Data not available,Data not available,Data not available,Description not available,0,0,0,0
TASK-2025-00022,Coordinate on the travel with the entrepreneur/NF coordinator,APC005,APCNF and RWI,Data not available,Data not available,Data not available,Yes,Open,Low,TASK-2025-00019,Data not available,Data not available,Task is ongoing,Data not available,Data not available,Data not available,Data not available,Description not available,0,0,0,0
TASK-2025-00023,Coordinate with KSA on the logistics/resources,APC005,APCNF and RWI,Data not available,Data not available,Data not available,Yes,Open,Low,TASK-2025-00019,Data not available,Data not available,Task is ongoing,Data not available,Data not available,Data not available,Data not available,Description not available,0,0,0,0
TASK-2025-00004,create an excel sheet,SIN156,Sindhura Test project,Data not available,Data not available,Data not available,No,Overdue,Low,TASK-2025-00001,Data not available,Data not available,Data not available,Data not available,Data not available,27-01-2025,28-01-2025,Description not available,0,0,0,0
TASK-2025-00012,Create Doctype for Projects & Tasks,ERP046,ERP & IT,Data not available,Data not available,Data not available,Yes,Open,Low,-,Data not available,Data not available,Task is ongoing,Data not available,Data not available,Data not available,Data not available,Description not available,0,0,0,0
TASK-2025-00032,Create prototype of Project DoctType in ERPNext,ERP178,PROJ-0182,Data not available,Data not available,Data not available,No,Completed,Low,TASK-2025-00031,Data not available,Data not available,19-02-2025,Data not available,Data not available,Data not available,Data not available,Description not available,0,0,0,0
TASK-2025-00035,Create script to add status filter,ERP178,PROJ-0182,Data not available,Data not available,Data not available,No,Completed,Low,TASK-2025-00034,Data not available,Data not available,26-02-2025,Data not available,Data not available,Data not available,Data not available,Description not available,0,0,0,0
TASK-2025-00041,Create Start Date and End Date Filter,ERP178,PROJ-0182,Data not available,Data not available,Data not available,No,Working,Low,TASK-2025-00034,Data not available,Data not available,Task is ongoing,Data not available,Data not available,27-02-2025,28-02-2025,Description not available,0,0,0,0
TASK-2025-00033,Create TreeView of the Doctype,ERP178,PROJ-0182,Data not available,Data not available,Data not available,Yes,Open,Low,TASK-2025-00031,Data not available,Data not available,Task is ongoing,Data not available,Data not available,20-02-2025,06-03-2025,Description not available,0,0,0,0
TASK-2025-00031,CreateProject Module in ERPNext,ERP178,PROJ-0182,Data not available,Data not available,Data not available,Yes,Open,Low,-,Data not available,Data not available,Task is ongoing,Data not available,Data not available,Data not available,Data not available,Description not available,0,0,0,0
TASK-2025-00049,Decide between Tree View and List View,ERP178,PROJ-0182,Sindhura M,Data not available,Data not available,Yes,Open,Low,TASK-2025-00031,Data not available,Data not available,Task is ongoing,Data not available,Data not available,Data not available,Data not available,Description not available,0,0,0,0
TASK-2025-00047,Delete Option for tasks,ERP178,PROJ-0182,Data not available,Data not available,Data not available,No,Completed,Low,TASK-2025-00033,Data not available,Data not available,28-02-2025,Data not available,Data not available,Data not available,Data not available,Description not available,0,0,0,0
TASK-2025-04035,Developing an Integrated Data Warehouse and Robust Dashboarding Capability,,DATAWAREHOUSE,TESTAEGION,5000000,Monthly,No,Open,High,-,"Improve operational efficiency and cost management.
Support business growth by identifying trends, anomalies, and opportunities.
Align day-to-day operations with long-term strategic planning.",Engagement and sign-off from CSA stakeholders,Task is ongoing,"Data Quality and Integration Issues: Inconsistent or incomplete data from multiple sources (ERP modules and manual spreadsheets) could lead to inaccurate or misleading KPIs.

Performance and Scalability Challenges: Real-time data processing may face latency or system overload if the ETL pipelines and infrastructure arent robust enough to handle high-frequency updates.

User Adoption and Change Management: Without adequate training and stakeholder buy-in, users may resist the new dashboard, limiting its effectiveness in driving data-informed decisions.","Implement robust data validation and reconciliation processes in your ETL pipelines to catch and correct anomalies early.
Design ETL processes and dashboard architecture with scalability in mindleverage cloud-based solutions, caching, and load balancing.
Conduct regular performance and stress testing to identify bottlenecks and optimize query efficiency.
Monitor system performance in real time with alerts to quickly address latency or overload issues.
Provide comprehensive training, detailed documentation, and ongoing support to ease the transition.
Involve key stakeholders early in the design process to gather feedback and ensure the dashboard meets their needs.
Roll out the dashboard in phases, starting with pilot groups, to build confidence and gradually drive broader adoption.",15-01-2025,15-10-2025,,37500,750,-,-
TASK-2025-00005,edit the excel sheet,SIN156,Sindhura Test project,Data not available,Data not available,Data not available,No,Overdue,Low,TASK-2025-00001,Data not available,Data not available,Data not available,Data not available,Data not available,27-01-2025,28-01-2025,Description not available,0,0,0,0
TASK-2025-00038,Email trigger to task Assignees with project details - simplified format,ERP178,PROJ-0182,Data not available,Data not available,Data not available,No,Open,Low,TASK-2025-00031,Data not available,Data not available,Task is ongoing,Data not available,Data not available,Data not available,Data not available,Description not available,0,0,0,0
TASK-2025-00039,"Employee CSA ERP Login ->Project Module ->Assigned, Accountable",ERP046,ERP & IT,Data not available,Data not available,Data not available,No,Open,Low,TASK-2025-00031,Data not available,Data not available,Task is ongoing,Data not available,Data not available,Data not available,Data not available,Description not available,0,0,0,0
TASK-2025-00026,Entrepreneur Business Units assessment report,APC005,APCNF and RWI,Data not available,Data not available,Data not available,Yes,Open,Low,TASK-2025-00019,Data not available,Data not available,Task is ongoing,Data not available,Data not available,Data not available,Data not available,Description not available,0,0,0,0
TASK-2025-00045,Expand Tree View after pressing back ,ERP178,PROJ-0182,Data not available,Data not available,Data not available,No,Data not available,Low,TASK-2025-00033,Data not available,Data not available,Data not available,Data not available,Data not available,Data not available,Data not available,Description not available,0,0,0,0
TASK-2025-00003,famflamdl,,Data not available,Data not available,Data not available,Data not available,No,Open,Low,-,Data not available,Data not available,Task is ongoing,Data not available,Data not available,Data not available,Data not available,Description not available,0,0,0,0
TASK-2025-00048,Fix the Expand All Option issue,ERP178,PROJ-0182,Data not available,Data not available,Data not available,No,Data not available,Low,TASK-2025-00033,Data not available,Data not available,Data not available,Data not available,Data not available,Data not available,Data not available,Description not available,0,0,0,0
TASK-2025-00029,Get the work done with AMC,APC005,APCNF and RWI,Data not available,Data not available,Data not available,Yes,Open,Low,TASK-2025-00027,Data not available,Data not available,Task is ongoing,Data not available,Data not available,Data not available,Data not available,Description not available,0,0,0,0
TASK-2025-00021,Identified the 30 entrepreneur,APC005,APCNF and RWI,Data not available,Data not available,Data not available,Yes,Open,Low,TASK-2025-00019,Data not available,Data not available,Task is ongoing,Data not available,Data not available,Data not available,Data not available,Description not available,0,0,0,0
TASK-2025-00050,"If List View is selected, create Sno (Ex: 1, 1.1, 1.1.1) and fix the task ascending order",ERP178,PROJ-0182,Sindhura M,Data not available,Data not available,Yes,Overdue,Medium,TASK-2025-00049,Data not available,Data not available,Data not available,Data not available,Data not available,Data not available,Data not available,Description not available,0,0,0,0
TASK-2024-00003,Krishi Sakhi Study ,GEN061,Gender Responsive Seed System - IRRI,Data not available,Data not available,One Time in Season,No,Overdue,High,-,Data not available,Data not available,Data not available,Data not available,Data not available,01-01-2024,05-05-2024,"<div class=""ql-editor read-mode""><p>Krishi Sakhi Study </p></div>",0,0,0,0
TASK-2025-00037,Link new doctype to the treeview task details,ERP178,PROJ-0182,Data not available,Data not available,Data not available,No,Completed,Low,TASK-2025-00033,Data not available,Data not available,27-02-2025,Data not available,Data not available,27-02-2025,27-02-2025,Description not available,0,0,0,0
TASK-2024-00005,May Month Activities,GEN061,Gender Responsive Seed System - IRRI,Data not available,Data not available,Data not available,No,Overdue,High,-,Data not available,Data not available,Data not available,Data not available,Data not available,01-05-2024,31-05-2024,"<div class=""ql-editor read-mode""><p><strong>May Month Action Plan (Test)</strong></p><table class=""table table-bordered""><tbody><tr><td data-row=""insert-column-left""><strong> Major Activity </strong></td><td data-row=""insert-column-left""><strong>Sub Activity </strong></td><td data-row=""insert-column-left""><strong>Committed Timeline </strong></td><td data-row=""insert-column-left""><strong>Responsible Person</strong></td><td data-row=""insert-column-left""><strong>Work update </strong></td></tr><tr><td data-row=""row-2qc4"">Krishi Sakhis study</td><td data-row=""row-2qc4"">Submission of final draft to IRRI</td><td data-row=""row-2qc4"">15-05-2024</td><td data-row=""row-2qc4"">Aleesha</td><td data-row=""row-2qc4"">test</td></tr><tr><td data-row=""row-cc5v""><br></td><td data-row=""row-cc5v"">Identification of potential journals for publications</td><td data-row=""row-cc5v"">20-05-2024</td><td data-row=""row-cc5v"">Aleesha</td><td data-row=""row-cc5v"">test</td></tr><tr><td data-row=""insert-row-below"">Women's empowerment study</td><td data-row=""insert-row-below"">Methodology finalization</td><td data-row=""insert-row-below"">10-05-2024</td><td data-row=""insert-row-below"">Aleesha</td><td data-row=""insert-row-below""><br></td></tr><tr><td data-row=""row-l15y""><br></td><td data-row=""row-l15y"">Pilot testing (methodology) in the field for finalising the data collection tool</td><td data-row=""row-l15y"">07-05-2024</td><td data-row=""row-l15y"">Aleesha</td><td data-row=""row-l15y""><br></td></tr><tr><td data-row=""insert-table""><br></td><td data-row=""insert-table"">Finalization of data collection tool</td><td data-row=""insert-table"">10-05-2024</td><td data-row=""insert-table"">Aleesha</td><td data-row=""insert-table""><br></td></tr><tr><td data-row=""insert-row-below"">Overview of the seed systems study</td><td data-row=""insert-row-below"">Draft ORW</td><td data-row=""insert-row-below"">04-05-2024</td><td data-row=""insert-row-below"">Mamatha</td><td data-row=""insert-row-below""><br></td></tr><tr><td data-row=""row-v5gz""><br></td><td data-row=""row-v5gz"">Submission of ORW to IRRI for further finalization</td><td data-row=""row-v5gz"">05-05-2024</td><td data-row=""row-v5gz"">Mamatha</td><td data-row=""row-v5gz""><br></td></tr><tr><td data-row=""row-fx6g""><br></td><td data-row=""row-fx6g"">Data collection</td><td data-row=""row-fx6g"">May and June</td><td data-row=""row-fx6g"">Mamatha</td><td data-row=""row-fx6g""><br></td></tr><tr><td data-row=""row-3g6b"">Seed harvesting</td><td data-row=""row-3g6b"">CC kunta FPO</td><td data-row=""row-3g6b"">10-05-2024</td><td data-row=""row-3g6b"">Uday and Shiva</td><td data-row=""row-3g6b""><br></td></tr><tr><td data-row=""row-l1cb""><br></td><td data-row=""row-l1cb"">Manakondur FPO</td><td data-row=""row-l1cb"">10-05-2024</td><td data-row=""row-l1cb"">Uday and Hub Leader</td><td data-row=""row-l1cb""><br></td></tr><tr><td data-row=""row-wl4x""><br></td><td data-row=""row-wl4x"">Huzurabad FPO</td><td data-row=""row-wl4x"">10-05-2024</td><td data-row=""row-wl4x"">Uday and Hub Leader</td><td data-row=""row-wl4x""><br></td></tr><tr><td data-row=""row-4zds""><br></td><td data-row=""row-4zds"">Karshaka FPO</td><td data-row=""row-4zds"">10-05-2024</td><td data-row=""row-4zds"">Uday and Hub Leader</td><td data-row=""row-4zds""><br></td></tr><tr><td data-row=""row-mslw"">Seed procurement by the FPOs</td><td data-row=""row-mslw"">CC kunta FPO</td><td data-row=""row-mslw"">14-05-2024</td><td data-row=""row-mslw"">Uday and Shiva</td><td data-row=""row-mslw""><br></td></tr><tr><td data-row=""row-1h0h""><br></td><td data-row=""row-1h0h"">Manakondur FPO</td><td data-row=""row-1h0h"">14-05-2024</td><td data-row=""row-1h0h"">Uday and Hub Leader</td><td data-row=""row-1h0h""><br></td></tr><tr><td data-row=""row-1aqr""><br></td><td data-row=""row-1aqr"">Huzurabad FPO</td><td data-row=""row-1aqr"">14-05-2024</td><td data-row=""row-1aqr"">Uday and Hub Leader</td><td data-row=""row-1aqr""><br></td></tr><tr><td data-row=""row-w1h9""><br></td><td data-row=""row-w1h9"">Karshaka FPO</td><td data-row=""row-w1h9"">14-05-2024</td><td data-row=""row-w1h9"">Uday and Hub Leader</td><td data-row=""row-w1h9""><br></td></tr><tr><td data-row=""row-5564"">Seed Marketing and Sales (All crops and varieties)</td><td data-row=""row-5564"">CC kunta FPO</td><td data-row=""row-5564"">20-05-2024</td><td data-row=""row-5564"">Santhosh</td><td data-row=""row-5564""><br></td></tr><tr><td data-row=""row-bqqc""><br></td><td data-row=""row-bqqc"">Manakondur FPO</td><td data-row=""row-bqqc"">20-05-2024</td><td data-row=""row-bqqc"">Santhosh</td><td data-row=""row-bqqc""><br></td></tr><tr><td data-row=""row-d0xi""><br></td><td data-row=""row-d0xi"">Huzurabad FPO</td><td data-row=""row-d0xi"">20-05-2024</td><td data-row=""row-d0xi"">Santhosh</td><td data-row=""row-d0xi""><br></td></tr><tr><td data-row=""row-hs13""><br></td><td data-row=""row-hs13"">Karshaka FPO</td><td data-row=""row-hs13"">20-05-2024</td><td data-row=""row-hs13"">Santhosh</td><td data-row=""row-hs13""><br></td></tr><tr><td data-row=""insert-row-below""><br></td><td data-row=""insert-row-below"">Ekashila FPO</td><td data-row=""insert-row-below"">20-05-2024</td><td data-row=""insert-row-below"">Santhosh</td><td data-row=""insert-row-below""><br></td></tr><tr><td data-row=""row-2rkz""><br></td><td data-row=""row-2rkz"">Proddutur FPO</td><td data-row=""row-2rkz"">20-05-2024</td><td data-row=""row-2rkz"">Santhosh</td><td data-row=""row-2rkz""><br></td></tr><tr><td data-row=""row-b2s1""><br></td><td data-row=""row-b2s1"">Proddutur FPCL</td><td data-row=""row-b2s1"">20-05-2024</td><td data-row=""row-b2s1"">Santhosh</td><td data-row=""row-b2s1""><br></td></tr><tr><td data-row=""row-1jkp""><br></td><td data-row=""row-1jkp"">Gayatri FPO</td><td data-row=""row-1jkp"">20-05-2024</td><td data-row=""row-1jkp"">Santhosh</td><td data-row=""row-1jkp""><br></td></tr><tr><td data-row=""row-r9m0"">Seed production plan - 2024</td><td data-row=""row-r9m0"">As per Sirish Joshi and Gowri Shankar discussion, need to plan the seed production in rabi 24 and the breeder seed multiplication for few crops can be done</td><td data-row=""row-r9m0"">20-05-2024</td><td data-row=""row-r9m0"">Seed Team and Hub Leaders</td><td data-row=""row-r9m0""><br></td></tr><tr><td data-row=""row-njnp""><br></td><td data-row=""row-njnp"">FPOs identification</td><td data-row=""row-njnp"">25-05-2024</td><td data-row=""row-njnp"">Seed Team and Hub Leaders</td><td data-row=""row-njnp""><br></td></tr><tr><td data-row=""row-x0wz""><br></td><td data-row=""row-x0wz"">Seed Sourcing and supply</td><td data-row=""row-x0wz"">25-05-2024</td><td data-row=""row-x0wz"">Seed Team and Hub Leaders</td><td data-row=""row-x0wz""><br></td></tr><tr><td data-row=""row-owda"">BDBs, OFTs, Mini kits and CDs</td><td data-row=""row-owda"">Need to have a plan for the design and layout, varieties, seed sourcing, data sheets, etc for KSA</td><td data-row=""row-owda"">25-05-2024</td><td data-row=""row-owda"">Uday and Ravi Varma</td><td data-row=""row-owda""><br></td></tr><tr><td data-row=""row-ruop""><br></td><td data-row=""row-ruop"">Need to have the confirmation from IRRI for the next course of action for trails</td><td data-row=""row-ruop"">25-05-2024</td><td data-row=""row-ruop"">Uday and Ravi Varma</td><td data-row=""row-ruop""><br></td></tr><tr><td data-row=""row-b7er"">Processing unit</td><td data-row=""row-b7er"">CC Kunta processing unit establishment</td><td data-row=""row-b7er"">30-05-2024</td><td data-row=""row-b7er"">Uday</td><td data-row=""row-b7er""><br></td></tr><tr><td data-row=""row-l0t1""><br></td><td data-row=""row-l0t1"">Kallem processing unit establishment</td><td data-row=""row-l0t1"">30-05-2024</td><td data-row=""row-l0t1"">Uday</td><td data-row=""row-l0t1""><br></td></tr><tr><td data-row=""row-4v0h"">Cotton seed supply</td><td data-row=""row-4v0h"">Whoever farmers are interested need to supply</td><td data-row=""row-4v0h"">10-05-2024</td><td data-row=""row-4v0h"">Uday / Raja Shekar</td><td data-row=""row-4v0h""><br></td></tr><tr><td data-row=""row-ztto""><br></td><td data-row=""row-ztto"">Issuing to all the FPOs for reaching Non-BT cotton seeds to the farmers</td><td data-row=""row-ztto"">10-05-2024</td><td data-row=""row-ztto"">Uday / Raja Shekar</td><td data-row=""row-ztto""><br></td></tr><tr><td data-row=""row-jhbb"">Centralised seed license</td><td data-row=""row-jhbb"">Availing seed license</td><td data-row=""row-jhbb"">30-05-2024</td><td data-row=""row-jhbb"">Uday</td><td data-row=""row-jhbb""><br></td></tr><tr><td data-row=""row-vqma""><br></td><td data-row=""row-vqma""><br></td><td data-row=""row-vqma""><br></td><td data-row=""row-vqma""><br></td><td data-row=""row-vqma""><br></td></tr><tr><td data-row=""row-nrht""><br></td><td data-row=""row-nrht""><br></td><td data-row=""row-nrht""><br></td><td data-row=""row-nrht""><br></td><td data-row=""row-nrht""><br></td></tr></tbody></table></div>",0,0,0,0
TASK-2024-00006,May Month telangana CBBO activity plan - draft ,GEN061,Gender Responsive Seed System - IRRI,Data not available,Data not available,Data not available,No,Cancelled,Low,-,Task Cancelled,Data not available,Task Cancelled,Data not available,Data not available,Data not available,Data not available,"<div class=""ql-editor read-mode""><table class=""table table-bordered""><tbody><tr><td data-row=""1"">May month plan for Gender Responsive Seed Systems project (Research and Action research)</td><td data-row=""1""><br></td><td data-row=""1""><br></td><td data-row=""1""><br></td><td data-row=""1""><br></td><td data-row=""1""><br></td><td data-row=""1""><br></td></tr><tr><td data-row=""2"">S.No</td><td data-row=""2"">&nbsp;Major Activity&nbsp;</td><td data-row=""2"">Sub Activity&nbsp;</td><td data-row=""2"">Committed Timeline&nbsp;</td><td data-row=""2"">Responsible Person</td><td data-row=""2"">Work update&nbsp;</td><td data-row=""2""><br></td></tr><tr><td data-row=""3"">1</td><td data-row=""3"">Krishi Sakhis study&nbsp;</td><td data-row=""3"">Submission of final draft to IRRI&nbsp;</td><td data-row=""3"" style=""text-align: right;"">5-Apr</td><td data-row=""3"">Aleesha&nbsp;</td><td data-row=""3"">&nbsp;j</td><td data-row=""3""><br></td></tr><tr><td data-row=""4"">Identification of potential journals for publications&nbsp;</td><td data-row=""4"" style=""text-align: right;"">7-Apr</td><td data-row=""4""><br></td><td data-row=""4""><br></td><td data-row=""4""><br></td><td data-row=""4""><br></td><td data-row=""4""><br></td></tr><tr><td data-row=""5"">2</td><td data-row=""5"">Women's empowerment study&nbsp;</td><td data-row=""5"">Methodology finalization</td><td data-row=""5"" style=""text-align: right;"">7-Apr</td><td data-row=""5"">Aleesha&nbsp;</td><td data-row=""5"">&nbsp;</td><td data-row=""5""><br></td></tr><tr><td data-row=""6"">Pilot testing (methodology) in the field for finalising the data collection tool</td><td data-row=""6"" style=""text-align: right;"">7-May</td><td data-row=""6""><br></td><td data-row=""6""><br></td><td data-row=""6""><br></td><td data-row=""6""><br></td><td data-row=""6""><br></td></tr><tr><td data-row=""7"">Finalization of data collection tool&nbsp;</td><td data-row=""7"" style=""text-align: right;"">10-May</td><td data-row=""7""><br></td><td data-row=""7""><br></td><td data-row=""7""><br></td><td data-row=""7""><br></td><td data-row=""7""><br></td></tr><tr><td data-row=""8"">3</td><td data-row=""8"">Overview of the seed systems study&nbsp;</td><td data-row=""8"">Draft ORW</td><td data-row=""8"" style=""text-align: right;"">25-Apr</td><td data-row=""8"">Mamata&nbsp;</td><td data-row=""8"">&nbsp;</td><td data-row=""8""><br></td></tr><tr><td data-row=""9"">Submission of ORW to IRRI for further finalization&nbsp;</td><td data-row=""9"" style=""text-align: right;"">5-May</td><td data-row=""9""><br></td><td data-row=""9""><br></td><td data-row=""9""><br></td><td data-row=""9""><br></td><td data-row=""9""><br></td></tr><tr><td data-row=""10"">Data collection&nbsp;</td><td data-row=""10"">May and June&nbsp;</td><td data-row=""10""><br></td><td data-row=""10""><br></td><td data-row=""10""><br></td><td data-row=""10""><br></td><td data-row=""10""><br></td></tr><tr><td data-row=""11"">4</td><td data-row=""11"">Seed harvesting&nbsp;</td><td data-row=""11"">CC kunta FPO</td><td data-row=""11"" style=""text-align: right;"">10-May</td><td data-row=""11"">Uday and shiva&nbsp;</td><td data-row=""11"">&nbsp;</td><td data-row=""11""><br></td></tr><tr><td data-row=""12"">Manakondur FPO</td><td data-row=""12"" style=""text-align: right;"">10-May</td><td data-row=""12""><br></td><td data-row=""12""><br></td><td data-row=""12""><br></td><td data-row=""12""><br></td><td data-row=""12""><br></td></tr><tr><td data-row=""13"">Huzurabad FPO</td><td data-row=""13"" style=""text-align: right;"">10-May</td><td data-row=""13""><br></td><td data-row=""13""><br></td><td data-row=""13""><br></td><td data-row=""13""><br></td><td data-row=""13""><br></td></tr><tr><td data-row=""14"">Karshaka FPO</td><td data-row=""14"" style=""text-align: right;"">10-May</td><td data-row=""14""><br></td><td data-row=""14""><br></td><td data-row=""14""><br></td><td data-row=""14""><br></td><td data-row=""14""><br></td></tr><tr><td data-row=""15"">5</td><td data-row=""15"">Seed procurement by the FPOs</td><td data-row=""15"">CC kunta FPO</td><td data-row=""15"" style=""text-align: right;"">14-May</td><td data-row=""15"">Uday and Hub team&nbsp;</td><td data-row=""15"">&nbsp;</td><td data-row=""15""><br></td></tr><tr><td data-row=""16"">Manakondur FPO</td><td data-row=""16"" style=""text-align: right;"">14-May</td><td data-row=""16""><br></td><td data-row=""16""><br></td><td data-row=""16""><br></td><td data-row=""16""><br></td><td data-row=""16""><br></td></tr><tr><td data-row=""17"">Huzurabad FPO</td><td data-row=""17"" style=""text-align: right;"">14-May</td><td data-row=""17""><br></td><td data-row=""17""><br></td><td data-row=""17""><br></td><td data-row=""17""><br></td><td data-row=""17""><br></td></tr><tr><td data-row=""18"">Karshaka FPO</td><td data-row=""18"" style=""text-align: right;"">14-May</td><td data-row=""18""><br></td><td data-row=""18""><br></td><td data-row=""18""><br></td><td data-row=""18""><br></td><td data-row=""18""><br></td></tr><tr><td data-row=""19"">6</td><td data-row=""19"">Seed Marketing and Sales (All crops and varieties)</td><td data-row=""19"">CC kunta FPO</td><td data-row=""19"" style=""text-align: right;"">20-May</td><td data-row=""19"">Santhosh&nbsp;</td><td data-row=""19"">&nbsp;</td><td data-row=""19""><br></td></tr><tr><td data-row=""20"">Manakondur FPO</td><td data-row=""20"" style=""text-align: right;"">20-May</td><td data-row=""20""><br></td><td data-row=""20""><br></td><td data-row=""20""><br></td><td data-row=""20""><br></td><td data-row=""20""><br></td></tr><tr><td data-row=""21"">Huzurabad FPO</td><td data-row=""21"" style=""text-align: right;"">20-May</td><td data-row=""21""><br></td><td data-row=""21""><br></td><td data-row=""21""><br></td><td data-row=""21""><br></td><td data-row=""21""><br></td></tr><tr><td data-row=""22"">Karshaka FPO</td><td data-row=""22"" style=""text-align: right;"">20-May</td><td data-row=""22""><br></td><td data-row=""22""><br></td><td data-row=""22""><br></td><td data-row=""22""><br></td><td data-row=""22""><br></td></tr><tr><td data-row=""23"">Ekashila FPO</td><td data-row=""23"" style=""text-align: right;"">20-May</td><td data-row=""23""><br></td><td data-row=""23""><br></td><td data-row=""23""><br></td><td data-row=""23""><br></td><td data-row=""23""><br></td></tr><tr><td data-row=""24"">Proddutur FPO&nbsp;</td><td data-row=""24"" style=""text-align: right;"">20-May</td><td data-row=""24""><br></td><td data-row=""24""><br></td><td data-row=""24""><br></td><td data-row=""24""><br></td><td data-row=""24""><br></td></tr><tr><td data-row=""25"">Proddutur FPCL&nbsp;</td><td data-row=""25"" style=""text-align: right;"">20-May</td><td data-row=""25""><br></td><td data-row=""25""><br></td><td data-row=""25""><br></td><td data-row=""25""><br></td><td data-row=""25""><br></td></tr><tr><td data-row=""26"">Gayatri FPO&nbsp;</td><td data-row=""26"" style=""text-align: right;"">20-May</td><td data-row=""26""><br></td><td data-row=""26""><br></td><td data-row=""26""><br></td><td data-row=""26""><br></td><td data-row=""26""><br></td></tr><tr><td data-row=""27"">7</td><td data-row=""27"">Seed production plan - 2024</td><td data-row=""27"">As per sirish joshi and gowri shankar discussion, need to plan the seed production in rabi 24 and the breeder seed multiplication for few crops can be done&nbsp;</td><td data-row=""27"" style=""text-align: right;"">20-May</td><td data-row=""27"">Seed team and</td><td data-row=""27"">&nbsp;Hub leaders&nbsp;</td><td data-row=""27"">&nbsp;</td></tr><tr><td data-row=""28"">FPOs identification&nbsp;</td><td data-row=""28"">&nbsp;</td><td data-row=""28""><br></td><td data-row=""28""><br></td><td data-row=""28""><br></td><td data-row=""28""><br></td><td data-row=""28""><br></td></tr><tr><td data-row=""29"">Seed Sourcing and supply&nbsp;</td><td data-row=""29"">&nbsp;</td><td data-row=""29""><br></td><td data-row=""29""><br></td><td data-row=""29""><br></td><td data-row=""29""><br></td><td data-row=""29""><br></td></tr><tr><td data-row=""30"">8</td><td data-row=""30"">BDBs, OFTs, Mini kits and CDs&nbsp;</td><td data-row=""30"">Need to have a plan for the design and layout, varieties, seed sourcing, data sheets, etc for KSA&nbsp;</td><td data-row=""30"" style=""text-align: right;"">25-May</td><td data-row=""30"">Uday and Ravi varma&nbsp;</td><td data-row=""30"">&nbsp;</td><td data-row=""30""><br></td></tr><tr><td data-row=""31"">Need to have the confirmation from IRRI for the next course of action for trails&nbsp;</td><td data-row=""31"" style=""text-align: right;"">25-May</td><td data-row=""31""><br></td><td data-row=""31""><br></td><td data-row=""31""><br></td><td data-row=""31""><br></td><td data-row=""31""><br></td></tr><tr><td data-row=""32"">9</td><td data-row=""32"">Processing unit&nbsp;</td><td data-row=""32"">CC kunta processing unit establishment&nbsp;</td><td data-row=""32"" style=""text-align: right;"">1-May</td><td data-row=""32"">Uday&nbsp;</td><td data-row=""32"">&nbsp;</td><td data-row=""32""><br></td></tr><tr><td data-row=""33"">kallem processing unit establishment&nbsp;</td><td data-row=""33"" style=""text-align: right;"">1-May</td><td data-row=""33""><br></td><td data-row=""33""><br></td><td data-row=""33""><br></td><td data-row=""33""><br></td><td data-row=""33""><br></td></tr><tr><td data-row=""34"">10</td><td data-row=""34"">Cotton seed supply&nbsp;</td><td data-row=""34"">Whoever farmers are interested need to supply&nbsp;</td><td data-row=""34"" style=""text-align: right;"">10-May</td><td data-row=""34"">Uday / Raja shekar&nbsp;</td><td data-row=""34"">&nbsp;</td><td data-row=""34""><br></td></tr><tr><td data-row=""35"">Issuing to all the FPOs for reaching Non-BT cotton seeds to the farmers&nbsp;</td><td data-row=""35"" style=""text-align: right;"">10-May</td><td data-row=""35""><br></td><td data-row=""35""><br></td><td data-row=""35""><br></td><td data-row=""35""><br></td><td data-row=""35""><br></td></tr><tr><td data-row=""36"">11</td><td data-row=""36"">Centralised seed license&nbsp;</td><td data-row=""36"">Availing seed license&nbsp;</td><td data-row=""36"" style=""text-align: right;"">10-Apr</td><td data-row=""36"">Uday&nbsp;</td><td data-row=""36"">&nbsp;</td><td data-row=""36""><br></td></tr></tbody></table><p><br></p></div>",0,0,0,0
TASK-2024-00009,"PRI & SABAL month plan for May 2024 					",MON095,Monthly Review,Data not available,Data not available,Data not available,No,Template,Medium,-,Data not available,Data not available,Data not available,Data not available,Data not available,Data not available,Data not available,"<div class=""ql-editor read-mode""><table class=""table table-bordered""><tbody><tr><td data-row=""insert-row-below""><strong>&nbsp;Major Activity&nbsp;</strong></td><td data-row=""insert-row-below""><br></td><td data-row=""insert-row-below""><br></td><td data-row=""insert-row-below""><br></td><td data-row=""insert-row-below""><br></td><td data-row=""insert-row-below""><br></td></tr><tr><td data-row=""row-6rfq""><br></td><td data-row=""row-6rfq""><br></td><td data-row=""row-6rfq""><br></td><td data-row=""row-6rfq""><br></td><td data-row=""row-6rfq""><br></td><td data-row=""row-6rfq""><br></td></tr><tr><td data-row=""row-4kba""><br></td><td data-row=""row-4kba""><br></td><td data-row=""row-4kba""><br></td><td data-row=""row-4kba""><br></td><td data-row=""row-4kba""><br></td><td data-row=""row-4kba""><br></td></tr><tr><td data-row=""1""><strong>Sub Activity&nbsp;</strong></td><td data-row=""1""><strong>Unit</strong></td><td data-row=""1""><strong>Committed Timeline&nbsp;</strong></td><td data-row=""1""><strong>Responsible Person</strong></td><td data-row=""1""><strong>Work update&nbsp;</strong></td><td data-row=""1""><br></td></tr><tr><td data-row=""2""><strong>PROJECT RESTORE INDIA&nbsp;</strong></td><td data-row=""2""><br></td><td data-row=""2""><br></td><td data-row=""2""><br></td><td data-row=""2""><br></td><td data-row=""2""><br></td></tr><tr><td data-row=""3"">Farm ponds</td><td data-row=""3"">consultation with WASSAN (Chandrasekhar garu).</td><td data-row=""3"">6 Farm ponds</td><td data-row=""3"">8th May&nbsp;</td><td data-row=""3"">Prasanghi</td><td data-row=""3"">&nbsp;</td></tr><tr><td data-row=""4"">&nbsp;</td><td data-row=""4"">vendors finalizing (JCB and hitachi)</td><td data-row=""4"">&nbsp;</td><td data-row=""4"">&nbsp;</td><td data-row=""4"">&nbsp;</td><td data-row=""4"">&nbsp;</td></tr><tr><td data-row=""5"">&nbsp;</td><td data-row=""5"">Clear planning on water harvesting.</td><td data-row=""5"">&nbsp;</td><td data-row=""5"">10th May&nbsp;</td><td data-row=""5"">&nbsp;</td><td data-row=""5"">&nbsp;</td></tr><tr><td data-row=""6"">Farm ponds physical works</td><td data-row=""6"">works based on consultation reports&nbsp;</td><td data-row=""6"">6 Farm ponds</td><td data-row=""6"">25th May</td><td data-row=""6"">Prasanghi</td><td data-row=""6"">&nbsp;</td></tr><tr><td data-row=""7"">&nbsp;</td><td data-row=""7"">water channeling</td><td data-row=""7"">&nbsp;</td><td data-row=""7"">20th May</td><td data-row=""7"">&nbsp;</td><td data-row=""7"">&nbsp;</td></tr><tr><td data-row=""8"">Fencing&nbsp;</td><td data-row=""8"">vendors finalizing</td><td data-row=""8"">2500 metres</td><td data-row=""8"">10th May&nbsp;</td><td data-row=""8"">Prasanghi</td><td data-row=""8"">&nbsp;</td></tr><tr><td data-row=""9"">&nbsp;</td><td data-row=""9"">fencing all over the boundary</td><td data-row=""9"">&nbsp;</td><td data-row=""9"">30th May&nbsp;</td><td data-row=""9"">&nbsp;</td><td data-row=""9"">&nbsp;</td></tr><tr><td data-row=""10"">&nbsp;</td><td data-row=""10"">Consulting social forest officials.</td><td data-row=""10"">&nbsp;</td><td data-row=""10"">15th May</td><td data-row=""10"">&nbsp;</td><td data-row=""10"">&nbsp;</td></tr><tr><td data-row=""11"">&nbsp;</td><td data-row=""11"">bio fencing species and vendors exploring&nbsp;</td><td data-row=""11"">&nbsp;</td><td data-row=""11"">20th May</td><td data-row=""11"">&nbsp;</td><td data-row=""11"">&nbsp;</td></tr><tr><td data-row=""12"">soil samples&nbsp;</td><td data-row=""12"">soil sample collection</td><td data-row=""12"">20 Samples</td><td data-row=""12"">1st May&nbsp;</td><td data-row=""12"">Prasanghi</td><td data-row=""12"">&nbsp;</td></tr><tr><td data-row=""13"">&nbsp;</td><td data-row=""13"">results from ARS</td><td data-row=""13"">&nbsp;</td><td data-row=""13"">25th May</td><td data-row=""13"">&nbsp;</td><td data-row=""13"">&nbsp;</td></tr><tr><td data-row=""14"">&nbsp;</td><td data-row=""14"">Results analysis</td><td data-row=""14"">&nbsp;</td><td data-row=""14"">30th May&nbsp;</td><td data-row=""14"">&nbsp;</td><td data-row=""14"">&nbsp;</td></tr><tr><td data-row=""15"">Review calls with Nestle and RA</td><td data-row=""15"">Regular review calls&nbsp;</td><td data-row=""15"">&nbsp;</td><td data-row=""15"">Weekly</td><td data-row=""15"">Prasanghi</td><td data-row=""15""><br></td></tr><tr><td data-row=""insert-row-below""><strong>&nbsp;SABAL</strong></td><td data-row=""insert-row-below""><br></td><td data-row=""insert-row-below""><br></td><td data-row=""insert-row-below""><br></td><td data-row=""insert-row-below""><br></td><td data-row=""insert-row-below""><br></td></tr><tr><td data-row=""1"">ST Compoct Block Development&nbsp;</td><td data-row=""1"">soil testing ,model designing, vendors identification</td><td data-row=""1"">11 Acres&nbsp;</td><td data-row=""1"">30-05-2024</td><td data-row=""1"">K.Mahesh babu&nbsp;</td><td data-row=""1"">&nbsp;</td></tr><tr><td data-row=""2"">Pestoscope field Training&nbsp;</td><td data-row=""2"">venue, selection of resource persons farmers,&nbsp;</td><td data-row=""2"">1</td><td data-row=""2"">20-05-2024</td><td data-row=""2"">K.Mahesh babu&nbsp;</td><td data-row=""2"">&nbsp;</td></tr><tr><td data-row=""3"">Health &amp; Nutrition Training&nbsp;</td><td data-row=""3"">venue selection, resource person identification, women farmers identification&nbsp;</td><td data-row=""3"">1</td><td data-row=""3"">23-05-2024</td><td data-row=""3"">K.Mahesh babu&nbsp;</td><td data-row=""3"">&nbsp;</td></tr><tr><td data-row=""4"">Farmer field schools&nbsp;</td><td data-row=""4"">each 15 days one session&nbsp;</td><td data-row=""4"">2 sessions&nbsp;</td><td data-row=""4"">25-05-2024</td><td data-row=""4"">K.Mahesh babu&nbsp;</td><td data-row=""4"">&nbsp;</td></tr><tr><td data-row=""5"">Seed ball activity&nbsp;</td><td data-row=""5"">source identification of forest species &amp; raw material procurement</td><td data-row=""5"">10000 seed balls</td><td data-row=""5"">28-05-2024</td><td data-row=""5"">K.Mahesh babu&nbsp;</td><td data-row=""5"">&nbsp;</td></tr><tr><td data-row=""6"">Quarterly meeting with cbos &amp; local government bodies&nbsp;</td><td data-row=""6"">invitations local cbos &amp; govt bodies, preparation of agenda &amp; meals arrangement&nbsp;</td><td data-row=""6"">1</td><td data-row=""6"">26-05-2024</td><td data-row=""6"">K.Mahesh babu&nbsp;</td><td data-row=""6"">&nbsp;</td></tr><tr><td data-row=""7"">MSLMB Priliminary Meeting&nbsp;</td><td data-row=""7"">invitations local cbos &amp; govt bodies, preparation of agenda &amp; meels arrangement&nbsp;</td><td data-row=""7"">1</td><td data-row=""7"">20-05-2024</td><td data-row=""7"">K.Mahesh babu&nbsp;</td><td data-row=""7"">&nbsp;</td></tr><tr><td data-row=""8"">SABAL &amp; Ryss Review Meeting&nbsp;</td><td data-row=""8"">agenda preparation &amp; pending activities preparation&nbsp;</td><td data-row=""8"">1</td><td data-row=""8"">16-05-2024</td><td data-row=""8"">K.Mahesh babu&nbsp;</td><td data-row=""8"">&nbsp;</td></tr><tr><td data-row=""9"">Meeting With Yanadhis&nbsp;</td><td data-row=""9"">logistic arrangements, model designing&nbsp;</td><td data-row=""9"">1</td><td data-row=""9"">22-05-2024</td><td data-row=""9"">K.Mahesh babu&nbsp;</td><td data-row=""9"">&nbsp;</td></tr><tr><td data-row=""10"">Livestock health awareness campaign</td><td data-row=""10"">resource person identification&nbsp;</td><td data-row=""10"">1</td><td data-row=""10"">27-05-2024</td><td data-row=""10"">K.Mahesh babu&nbsp;</td><td data-row=""10""><br></td></tr><tr><td data-row=""row-tj8p"">&nbsp;</td><td data-row=""row-tj8p""><br></td><td data-row=""row-tj8p""><br></td><td data-row=""row-tj8p""><br></td><td data-row=""row-tj8p""><br></td><td data-row=""row-tj8p""><br></td></tr><tr><td data-row=""row-m5jd""><br></td><td data-row=""row-m5jd""><br></td><td data-row=""row-m5jd""><br></td><td data-row=""row-m5jd""><br></td><td data-row=""row-m5jd""><br></td><td data-row=""row-m5jd""><br></td></tr></tbody></table><p><br></p></div>",0,0,0,0
TASK-2023-00003,Processing unit reviving,SAH142,Sahaja Aharam,Data not available,Data not available,Data not available,No,Pending Review,Low,-,Data not available,Data not available,28-02-2025,Data not available,Data not available,16-10-2023,19-10-2023,Description not available,0,0,0,0
TASK-2025-00013,Project tracker for ERPNext Project,,Data not available,Data not available,Data not available,Data not available,No,Open,Low,TASK-2025-00012,Data not available,Data not available,Task is ongoing,Data not available,Data not available,Data not available,Data not available,Description not available,0,0,0,0
TASK-2025-00042,Remove/Hide Task No in the Task Display Name(ex: TASK-2025-00039),ERP178,PROJ-0182,Data not available,Data not available,Data not available,No,Open,Low,TASK-2025-00033,Data not available,Data not available,Task is ongoing,Data not available,Data not available,Data not available,Data not available,Description not available,0,0,0,0
TASK-2024-00001,Seed Procurement,SEE150,Seed Systems - IRRI,Data not available,Data not available,One Time in Season,No,Open,Low,-,Data not available,Data not available,Task is ongoing,Data not available,Data not available,Data not available,Data not available,Description not available,0,0,0,0
TASK-2024-00002,Seed Sowing,SEE150,Seed Systems - IRRI,Data not available,Data not available,One Time in Season,No,Overdue,Low,-,Data not available,Data not available,Data not available,Data not available,Data not available,17-07-2024,31-07-2024,Description not available,0,0,0,0
TASK-2025-00040,Set Tree View as default setting for Project,ERP178,PROJ-0182,Data not available,Data not available,Data not available,No,Completed,Low,TASK-2025-00033,Data not available,Data not available,27-02-2025,Data not available,Data not available,27-02-2025,28-02-2025,Description not available,0,0,0,0
TASK-2025-00025,Settle finances with KSA,APC005,APCNF and RWI,Data not available,Data not available,Data not available,Yes,Open,Low,TASK-2025-00019,Data not available,Data not available,Task is ongoing,Data not available,Data not available,Data not available,Data not available,Description not available,0,0,0,0
TASK-2024-00004,Submission of final draft to IRRI ,GEN061,Gender Responsive Seed System - IRRI,Data not available,Data not available,One Time in Season,No,Overdue,High,TASK-2024-00003,Data not available,Data not available,01-05-2024,Data not available,Data not available,01-01-2024,05-05-2024,"<div class=""ql-editor read-mode""><p>Submission of final draft to IRRI Test</p><p><br></p><p><br></p><p>Hi srikanth, I will be working on it from now. thanks and will update</p></div>",0,0,0,0
TASK-2025-00014,task 1,,Data not available,Data not available,Data not available,Data not available,No,Open,Low,TASK-2025-00012,Data not available,Data not available,Task is ongoing,Data not available,Data not available,Data not available,Data not available,Description not available,0,0,0,0
TASK-2025-00015,Trainings to Entrepreneurs and NF Coordinators,APC005,APCNF and RWI,Data not available,Data not available,Data not available,No,Completed,High,-,Data not available,Data not available,27-02-2025,Data not available,Data not available,Data not available,Data not available,Description not available,0,0,0,0
TASK-2025-00017,Trainings to Entrepreneurs and NF Coordinators,APC005,APCNF and RWI,Data not available,Data not available,Data not available,Yes,Open,Low,-,Data not available,Data not available,Task is ongoing,Data not available,Data not available,Data not available,Data not available,Description not available,0,0,0,0
TASK-2025-00019,Trainings to Entrepreneurs and NF Coordinators,APC005,APCNF and RWI,Data not available,Data not available,Data not available,Yes,Open,Low,TASK-2025-00018,Data not available,Data not available,Task is ongoing,Data not available,Data not available,Data not available,Data not available,Description not available,0,0,0,0
TASK-2025-00036,Treeview details:  Add child option to tasks,ERP178,PROJ-0182,Data not available,Data not available,Data not available,No,Completed,Low,TASK-2025-00033,Data not available,Data not available,24-02-2025,Data not available,Data not available,Data not available,Data not available,Description not available,0,0,0,0
TASK-2025-00034,"Treeview details: Deliverable-tassk (assigned to, status, start n end date) +sign in a table form ",ERP178,PROJ-0182,Data not available,Data not available,Data not available,Yes,Working,Low,TASK-2025-00033,Data not available,Data not available,Task is ongoing,Data not available,Data not available,20-02-2025,05-03-2025,Description not available,0,0,0,0
TASK-2025-00030,Verify the final work,APC005,APCNF and RWI,Data not available,Data not available,Data not available,Yes,Open,Low,TASK-2025-00027,Data not available,Data not available,Task is ongoing,Data not available,Data not available,Data not available,Data not available,Description not available,0,0,0,0
TASK-2025-00027,Weather data collection,APC005,APCNF and RWI,Data not available,Data not available,Data not available,Yes,Open,Low,TASK-2025-00018,Data not available,Data not available,Task is ongoing,Data not available,Data not available,Data not available,Data not available,Description not available,0,0,0,0
